{
    "__JSON__": true,
    "AUTHOR": "Venocyber_Tech",
    "theme": "Venocyber-Md",
    "LANGUAGE": "English",
    "LANGCODE": "en",  
    "STRINGS": { 
        "updater": { 
            "UPDATE": "*Believe it.\nYour bot is already up-to-date*",
            "NEW_UPDATE": "*it's time to update the bot!*\n\n*Changes:*\n",
            "UPDATED_LOCAL": "*Successfully Updated!*"
        },  
        "global": {      
            "botName": "Venocyber-md",
            "body": "whatsapp User Bot", 
            "greet2" : "Thanks To Venocyber Tech",
            "pic1": "https://telegra.ph/file/12b0fb245e6b8ba4bf718.jpg", 
            "greet" : "Believe it",
            "dotbody" : "I decided being Pirate King.",
            "emojii" : "🍑", 
            "promote": "Admin Role Given to venocyber tech",
            "pmallow": "*Hii,This is Venocyber Tech\n You have been blocked for spamming.\n\n _Powered by Venocyber md_",
            "pmwarn": "✋Hii* \nPlease don't spam else I'll block you for spamming. _You have ${checkPermit.times} warning(s)._\n\n Join Public Support Channel : \nhttps://whatsapp.com/channel/0029VaJmfmTDJ6H7CmuBss0o\n\n*Powered by Venocyber*",
            "permited": "Hii Sir*\n\nNow You are permitted by my owner to pm now.\n\n _Powered by Venocyber_", 
            "revoked" : "*Hii Sir*\n\nYour pm permit permission has been prevoked now.\n\n _Powered by Venocyber_",
            "demote": "Uhh,Admin Role Taken back",
            "antlink": "Link Detected.\n*Good Bye Rouge pirate*",
            "session": "\n*This is your session.json,keep it safe and store it properly*\n_Now Upload This json file in Your Forked Repo_\n Connect your repo to Heroku and *Deploy Branch* and Bot will run for Always\n\n*Powered by Venocyber*",
            "mention": " Please mention My Owner",
            "title": "Venocyber-Md",
            "footer": "©²⁰²⁴ ᴠᴇɴᴏᴄʏʙᴇʀ ᴍᴅ \n https://whatsapp.com/channel/0029VaJmfmTDJ6H7CmuBss0o",
            "by": "Made by: Venocyber tech",
            "chat_desc": "Options Avilable* : 1. mute\n2. unmute\n3. archive\n4. unarchive\n5. read\n6. unread\n7. delete",
            "success": "Done ✓",
            "dot": "Hi, Did you mean *-help?*\n just.. don't bother me while I'm eating ramen",
            "couple_male": "*I'm pretty sure I can't live without being helped!*",
            "couple_female": "*I'm pretty sure I can't live without being helped!*",
            "admin": "ᴠᴇɴᴏᴄʏʙᴇʀ ᴍᴅ or ᴠᴇɴᴏᴄʏʙᴇʀ ᴍᴅ⚠️!",
            "botAdmin": "ᴠᴇɴᴏᴄʏʙᴇʀ ᴍᴅ.❗",
            "owner": "ᴠᴇɴᴏᴄʏʙᴇʀ ᴍᴅ⚠️",
            "group": "ᴠᴇɴᴏᴄʏʙᴇʀ ᴍᴅ or ᴠᴇɴᴏᴄʏʙᴇʀ ᴍᴅ❗",
            "private": "ᴠᴇɴᴏᴄʏʙᴇʀ ᴍᴅ⚠️",
            "bot": "ᴠᴇɴᴏᴄʏʙᴇʀ ᴍᴅ⚠️",
            "wait": "©²⁰²⁴ᴠᴇɴᴏᴄʏʙᴇʀ ᴍᴅ✅"
        },
        "error": {
            "text": "*You may come to regret trying to manipulate me.\nNow go get this Error fixed*"
        }
    } 
  }
   
